State,Organization,School Name,Reporting Year,Site ID (from CISDM),NCES School ID,CIS Model or GYS?,Non-traditional school?,Site Category,Site Type,"SC Presence at School:
 None (0 Hrs), (<32hrs) Part Time, (32+) Full Time",Parents Engaged,Total Alumni Served,Student Enrollment,Number of Students w/ ONLY WS Supports,Non-Case Managed Students,Case Managed Students,Total Students Served,"Students, Female - American Indian","Students, Female - Asian","Students, Female-
 Native Hawaiian/Other Pacific Islander","Students, Female - Black","Students, Female - Hispanic","Students, Female - White","Students, Female - Two or More Races","Students, Female - Other","Students, Female - Unknown","Students, Male - American Indian","Students, Male - Asian","Students, Male - 
Native Hawaiian/Other Pacific Islander","Students, Male - Black","Students, Male - Hispanic","Students, Male - White","Students, Male - Two or More Races","Students, Male - Other","Students, Male - Unknown","Students, Other Gender - American Indian","Students, Other Gender - Asian","Students, Other Gender - 
Native Hawaiian/Other Pacific Islander","Students, Other Gender - Black","Students, Other Gender - Hispanic","Students, Other Gender - White","Students, Other Gender - Two or More Races","Students, Other Gender - Other Race","Students, Other Gender - Unknown Race","Students, Unknown Gender - American Indian","Students, Unknown Gender - Asian","Students, Unknown Gender - 
Native Hawaiian/Other Pacific Islander","Students, Unknown Gender - Black","Students, Unknown Gender - Hispanic","Students, Unknown Gender - White","Students, Unknown Gender - Two or More Races","Students, Unknown Gender - Other Race","Students, Unknown Gender - Unknown Race","Race/Gender
Total","Hispanic, Latino, or Spanish",Middle Eastern or North African (MENA),"Two or More
Ethnicities",None Listed,Unknown,"TOTAL
Ethnicity",Community Eligibility Provision,eligible FRPL,not eligible FRPL,unknown FRPL,FRPL - TOTAL (auto),Adj Youth - Yes,Adj Youth - No,Adj Youth - Unknown,Adj Youth - TOTAL (auto),Child of military - Yes,Child of military - No,Child of military - Unknown,Child of military - TOTAL (auto),ELL - Yes,ELL - No,ELL - Unknown,ELL - TOTAL (auto),Exposed to Trauma - Yes,Exposed to Trauma - No,Exposed to Trauma - Unknown,Exposed to Trauma - TOTAL (auto),Foster care/Group home - Yes,Foster care/Group home - No,Foster care/Group home - Unknown,Foster care/Group home - TOTAL (auto),Gang Involvement - Yes,Gang Involvement - No,Gang Involvement - Unknown,Gang Involvement - TOTAL (auto),Homeless - Yes,Homeless - No,Homeless - Unknown,Homeless - TOTAL (auto),Incarcerated parent - Yes,Incarcerated parent - No,Incarcerated parent - Unknown,Incarcerated parent - TOTAL (auto),LGBTQ+ - Yes,LGBTQ+ - No,LGBTQ+ - Unknown,LGBTQ+ - TOTAL (auto),Over age/Under credit - Yes,Over age/Under credit - No,Over age/Under credit - Unknown,Over age/Under credit - TOTAL (auto),Pregnant/ Parenting - Yes,Pregnant/ Parenting - No,Pregnant/ Parenting - Unknown,Pregnant/ Parenting - TOTAL (auto),Special Education - Yes,Special Education - No,Special Education - Unknown,Special Education - TOTAL (auto),Substance abuse - Yes,Substance abuse - No,Substance abuse - Unknown,Substance abuse - TOTAL (auto),Attendance: CM students w/ goal,Attendance: CM students met goal,"Attendance: CM students not met, with progress","Attendance: CM students not met, no progress",Behavior: CM students w/ goal,Behavior: CM students met goal,"Behavior: CM students not met, with progress","Behavior: CM students not met, no progress",Academics: CM students w/ goal,Academics: CM students met goal,"Academics: CM students not met, with progress","Academics: CM students not met, no progress",SEL: CM students w/ goal,SEL: CM students met goal,"SEL: CM students not met, with progress","SEL: CM students not met, no progress",SEL Metric Name,High Risk Behavior: CM students w/ goal,High Risk Behavior: CM students met goal,"High Risk Behavior: CM students not met, with progress","High Risk Behavior: CM students not met, no progress",College Readiness: CM students w/ goal,College Readiness: CM students met goal,"College Readiness: CM students not met, with progress","College Readiness: CM students not met, no progress",Career Readiness: CM students w/ goal,Career Readiness: CM students met goal,"Career Readiness: CM students not met, with progress","Career Readiness: CM students not met, no progress",K-11 Promoted,K-11 Graduated,K-11 Retained,K-11 Dropped Out,K-11 Transferred,K-11 GED,K-11 Expelled,K-11 Incarcerated,K-11 Deceased,K-11 Other,K-11 Unknown,K-11 TOTAL (auto),Grade 12 Graduated,Grade 12 Retained,Grade 12 Dropped Out,Grade 12 Transferred,Grade 12 GED,Grade 12 Expelled,Grade 12 Incarcerated,Grade 12 Deceased,Grade 12 Other,Grade 12 Unknown,Grade 12 TOTAL (auto),# of PreK Students,# of College Students,# of addl students (Other and Unknown Grade),EOY Status - TOTAL (auto),Grade 12 Graduated in 4 yrs,# Post-secondary School,Cert/ Apprentice,Associate,Bachelor,# Workforce,# Military,# Other,# Unknown,# Student Unsure,# Not Captured,Postsecondary- TOTAL (auto),Organization ID
LA,CIS of the Gulf South,Advantage Charter Academy,Not Reporting,422819,220026802385,,No,Public Charter,Combined (any other K-12 combination),,,0,,,0,0,0,0,0,0,0,0,0,0,0,0,0,0,0,0,0,0,0,0,0,0,0,0,0,0,0,0,0,0,0,0,0,0,0,0,0,0,0,0,0,0,0,0,0,0,,0,0,0,0,0,0,0,0,0,0,0,0,0,0,0,0,0,0,0,0,0,0,0,0,0,0,0,0,0,0,0,0,0,0,0,0,0,0,0,0,0,0,0,0,0,0,0,0,0,0,0,0,0,0,0,0,0,0,0,0,0,0,0,0,0,0,0,0,0,0,0,0,"Academic Mindset (SEAD construct), Behavior Engagement, Cognitive Engagement, Emotional Engagement, Global Engagement (Engagement Survey), Other (SEL), Overall SEAD assessment score, Self Control (SEAD), Self-Perception (SEAD), Social Engagement, Social Support (SEAD)",0,0,0,0,0,0,0,0,0,0,0,0,0,0,0,0,0,0,0,0,0,0,0,0,0,0,0,0,0,0,0,0,0,0,0,0,0,0,0,0,0,0,0,0,0,0,0,0,0,0,0,33860
LA,CIS of the Gulf South,Alternative Center for Education,Not Reporting,536500,129244000001,,Yes,Public School,Combined (any other K-12 combination),,,0,,,0,0,0,0,0,0,0,0,0,0,0,0,0,0,0,0,0,0,0,0,0,0,0,0,0,0,0,0,0,0,0,0,0,0,0,0,0,0,0,0,0,0,0,0,0,0,,0,0,0,0,0,0,0,0,0,0,0,0,0,0,0,0,0,0,0,0,0,0,0,0,0,0,0,0,0,0,0,0,0,0,0,0,0,0,0,0,0,0,0,0,0,0,0,0,0,0,0,0,0,0,0,0,0,0,0,0,0,0,0,0,0,0,0,0,0,0,0,0,,0,0,0,0,0,0,0,0,0,0,0,0,0,0,0,0,0,0,0,0,0,0,0,0,0,0,0,0,0,0,0,0,0,0,0,0,0,0,0,0,0,0,0,0,0,0,0,0,0,0,0,33860
LA,CIS of the Gulf South,Anderson Middle School,Not Reporting,329929,220072000505,,No,Public School,Middle ,,,0,,,0,0,0,0,0,0,0,0,0,0,0,0,0,0,0,0,0,0,0,0,0,0,0,0,0,0,0,0,0,0,0,0,0,0,0,0,0,0,0,0,0,0,0,0,0,0,,0,0,0,0,0,0,0,0,0,0,0,0,0,0,0,0,0,0,0,0,0,0,0,0,0,0,0,0,0,0,0,0,0,0,0,0,0,0,0,0,0,0,0,0,0,0,0,0,0,0,0,0,0,0,0,0,0,0,0,0,0,0,0,0,0,0,0,0,0,0,0,0,Overall SEAD assessment score,0,0,0,0,0,0,0,0,0,0,0,0,0,0,0,0,0,0,0,0,0,0,0,0,0,0,0,0,0,0,0,0,0,0,0,0,0,0,0,0,0,0,0,0,0,0,0,0,0,0,0,33860
LA,CIS of the Gulf South,Arthur Ashe Charter School,2018/2019 SY,242051,220019200947,CIS Model,No,Public Charter,Combined (any other K-12 combination),Full Time,100,0,822,500,47,96,596,0,0,0,36,0,1,0,0,0,0,0,0,55,1,1,1,1,0,0,0,0,0,0,0,0,0,0,0,0,0,0,0,0,0,0,0,96,0,0,0,8,11,19,,60,0,36,96,0,10,86,96,0,7,89,96,0,70,26,96,4,1,91,96,0,11,85,96,0,31,65,96,0,15,81,96,1,6,89,96,0,17,79,96,0,70,26,96,0,71,25,96,16,19,61,96,0,45,51,96,94,53,21,20,94,69,11,14,94,65,24,5,0,0,0,0,"Other (SEL), Overall SEAD assessment score, Self Control (SEAD)",0,0,0,0,0,0,0,0,0,0,0,0,94,0,0,0,2,0,0,0,0,0,0,96,0,0,0,0,0,0,0,0,0,0,0,0,0,0,96,0,0,0,0,0,0,0,0,0,0,0,0,33860
LA,CIS of the Gulf South,Belle Place Elementary School,Not Reporting,536620,220072002479,,No,Public School,Combined (any other K-12 combination),,,0,,,0,0,0,0,0,0,0,0,0,0,0,0,0,0,0,0,0,0,0,0,0,0,0,0,0,0,0,0,0,0,0,0,0,0,0,0,0,0,0,0,0,0,0,0,0,0,,0,0,0,0,0,0,0,0,0,0,0,0,0,0,0,0,0,0,0,0,0,0,0,0,0,0,0,0,0,0,0,0,0,0,0,0,0,0,0,0,0,0,0,0,0,0,0,0,0,0,0,0,0,0,0,0,0,0,0,0,0,0,0,0,0,0,0,0,0,0,0,0,"Other (SEL), Overall SEAD assessment score",0,0,0,0,0,0,0,0,0,0,0,0,0,0,0,0,0,0,0,0,0,0,0,0,0,0,0,0,0,0,0,0,0,0,0,0,0,0,0,0,0,0,0,0,0,0,0,0,0,0,0,33860
LA,CIS of the Gulf South,Belle Place Middle School,Not Reporting,536619,220072001927,,No,Public School,Middle ,,,0,,,0,0,0,0,0,0,0,0,0,0,0,0,0,0,0,0,0,0,0,0,0,0,0,0,0,0,0,0,0,0,0,0,0,0,0,0,0,0,0,0,0,0,0,0,0,0,,0,0,0,0,0,0,0,0,0,0,0,0,0,0,0,0,0,0,0,0,0,0,0,0,0,0,0,0,0,0,0,0,0,0,0,0,0,0,0,0,0,0,0,0,0,0,0,0,0,0,0,0,0,0,0,0,0,0,0,0,0,0,0,0,0,0,0,0,0,0,0,0,Overall SEAD assessment score,0,0,0,0,0,0,0,0,0,0,0,0,0,0,0,0,0,0,0,0,0,0,0,0,0,0,0,0,0,0,0,0,0,0,0,0,0,0,0,0,0,0,0,0,0,0,0,0,0,0,0,33860
LA,CIS of the Gulf South,Benjamin Franklin High School,Not Reporting,516549,220029900888,,No,Public School,High,,,0,,,0,0,0,0,0,0,0,0,0,0,0,0,0,0,0,0,0,0,0,0,0,0,0,0,0,0,0,0,0,0,0,0,0,0,0,0,0,0,0,0,0,0,0,0,0,0,,0,0,0,0,0,0,0,0,0,0,0,0,0,0,0,0,0,0,0,0,0,0,0,0,0,0,0,0,0,0,0,0,0,0,0,0,0,0,0,0,0,0,0,0,0,0,0,0,0,0,0,0,0,0,0,0,0,0,0,0,0,0,0,0,0,0,0,0,0,0,0,0,"Emotional Engagement, Overall SEAD assessment score",0,0,0,0,0,0,0,0,0,0,0,0,0,0,0,0,0,0,0,0,0,0,0,0,0,0,0,0,0,0,0,0,0,0,0,0,0,0,0,0,0,0,0,0,0,0,0,0,0,0,0,33860
LA,CIS of the Gulf South,Bonnabel Magnet Academy High School,Not Reporting,383495,220084000585,,No,Community-Based Site,Community-Based Site,,,0,,,0,0,0,0,0,0,0,0,0,0,0,0,0,0,0,0,0,0,0,0,0,0,0,0,0,0,0,0,0,0,0,0,0,0,0,0,0,0,0,0,0,0,0,0,0,0,,0,0,0,0,0,0,0,0,0,0,0,0,0,0,0,0,0,0,0,0,0,0,0,0,0,0,0,0,0,0,0,0,0,0,0,0,0,0,0,0,0,0,0,0,0,0,0,0,0,0,0,0,0,0,0,0,0,0,0,0,0,0,0,0,0,0,0,0,0,0,0,0,,0,0,0,0,0,0,0,0,0,0,0,0,0,0,0,0,0,0,0,0,0,0,0,0,0,0,0,0,0,0,0,0,0,0,0,0,0,0,0,0,0,0,0,0,0,0,0,0,0,0,0,33860
LA,CIS of the Gulf South,Bricolage Academy,2018/2019 SY,36502,220028902364,CIS Model,No,Public Charter,Elementary,Full Time,300,0,600,408,74,116,524,0,0,0,35,2,9,3,1,0,0,0,0,39,2,21,2,2,0,0,0,0,0,0,0,0,0,0,0,0,0,0,0,0,0,0,0,116,1,0,0,1,0,2,,49,44,23,116,0,114,2,116,0,14,102,116,0,113,3,116,15,0,101,116,1,101,14,116,0,113,3,116,0,107,9,116,1,24,91,116,0,0,116,116,5,108,3,116,0,115,1,116,15,94,7,116,0,115,1,116,116,95,2,19,116,84,30,2,116,74,18,24,86,66,11,9,Other (SEL),0,0,0,0,0,0,0,0,0,0,0,0,114,0,0,0,0,0,0,0,0,0,0,114,0,0,0,0,0,0,0,0,0,0,0,2,0,0,116,0,0,0,0,0,0,0,0,0,0,0,0,33860
LA,CIS of the Gulf South,Caneview Elementary,Not Reporting,516555,220072002260,,No,Public School,Combined (any other K-12 combination),,,0,,,0,0,0,0,0,0,0,0,0,0,0,0,0,0,0,0,0,0,0,0,0,0,0,0,0,0,0,0,0,0,0,0,0,0,0,0,0,0,0,0,0,0,0,0,0,0,,0,0,0,0,0,0,0,0,0,0,0,0,0,0,0,0,0,0,0,0,0,0,0,0,0,0,0,0,0,0,0,0,0,0,0,0,0,0,0,0,0,0,0,0,0,0,0,0,0,0,0,0,0,0,0,0,0,0,0,0,0,0,0,0,0,0,0,0,0,0,0,0,"Other (SEL), Overall SEAD assessment score, Social Awareness (SEAD)",0,0,0,0,0,0,0,0,0,0,0,0,0,0,0,0,0,0,0,0,0,0,0,0,0,0,0,0,0,0,0,0,0,0,0,0,0,0,0,0,0,0,0,0,0,0,0,0,0,0,0,33860
LA,CIS of the Gulf South,Capdau at Avery Alexander,Not Reporting,145402,000000000000,,No,Public Charter,Combined (any other K-12 combination),,,0,,,0,0,0,0,0,0,0,0,0,0,0,0,0,0,0,0,0,0,0,0,0,0,0,0,0,0,0,0,0,0,0,0,0,0,0,0,0,0,0,0,0,0,0,0,0,0,,0,0,0,0,0,0,0,0,0,0,0,0,0,0,0,0,0,0,0,0,0,0,0,0,0,0,0,0,0,0,0,0,0,0,0,0,0,0,0,0,0,0,0,0,0,0,0,0,0,0,0,0,0,0,0,0,0,0,0,0,0,0,0,0,0,0,0,0,0,0,0,0,,0,0,0,0,0,0,0,0,0,0,0,0,0,0,0,0,0,0,0,0,0,0,0,0,0,0,0,0,0,0,0,0,0,0,0,0,0,0,0,0,0,0,0,0,0,0,0,0,0,0,0,33860
LA,CIS of the Gulf South,Center Street Elementary,Not Reporting,447883,220072000509,,No,Public School,Combined (any other K-12 combination),,,0,,,0,0,0,0,0,0,0,0,0,0,0,0,0,0,0,0,0,0,0,0,0,0,0,0,0,0,0,0,0,0,0,0,0,0,0,0,0,0,0,0,0,0,0,0,0,0,,0,0,0,0,0,0,0,0,0,0,0,0,0,0,0,0,0,0,0,0,0,0,0,0,0,0,0,0,0,0,0,0,0,0,0,0,0,0,0,0,0,0,0,0,0,0,0,0,0,0,0,0,0,0,0,0,0,0,0,0,0,0,0,0,0,0,0,0,0,0,0,0,,0,0,0,0,0,0,0,0,0,0,0,0,0,0,0,0,0,0,0,0,0,0,0,0,0,0,0,0,0,0,0,0,0,0,0,0,0,0,0,0,0,0,0,0,0,0,0,0,0,0,0,33860
LA,CIS of the Gulf South,Cohen College Prep,Not Reporting,36745,000000000000,,No,Public Charter,High,,,0,,,0,0,0,0,0,0,0,0,0,0,0,0,0,0,0,0,0,0,0,0,0,0,0,0,0,0,0,0,0,0,0,0,0,0,0,0,0,0,0,0,0,0,0,0,0,0,,0,0,0,0,0,0,0,0,0,0,0,0,0,0,0,0,0,0,0,0,0,0,0,0,0,0,0,0,0,0,0,0,0,0,0,0,0,0,0,0,0,0,0,0,0,0,0,0,0,0,0,0,0,0,0,0,0,0,0,0,0,0,0,0,0,0,0,0,0,0,0,0,,0,0,0,0,0,0,0,0,0,0,0,0,0,0,0,0,0,0,0,0,0,0,0,0,0,0,0,0,0,0,0,0,0,0,0,0,0,0,0,0,0,0,0,0,0,0,0,0,0,0,0,33860
LA,CIS of the Gulf South,Coteau Elementary School,Not Reporting,537680,220072000510,,No,Public School,Combined (any other K-12 combination),,,0,,,0,0,0,0,0,0,0,0,0,0,0,0,0,0,0,0,0,0,0,0,0,0,0,0,0,0,0,0,0,0,0,0,0,0,0,0,0,0,0,0,0,0,0,0,0,0,,0,0,0,0,0,0,0,0,0,0,0,0,0,0,0,0,0,0,0,0,0,0,0,0,0,0,0,0,0,0,0,0,0,0,0,0,0,0,0,0,0,0,0,0,0,0,0,0,0,0,0,0,0,0,0,0,0,0,0,0,0,0,0,0,0,0,0,0,0,0,0,0,"Behavior Engagement, Emotional Engagement, Other (SEL), Overall SEAD assessment score, Self Control (SEAD), Social Engagement, Social Support (SEAD)",0,0,0,0,0,0,0,0,0,0,0,0,0,0,0,0,0,0,0,0,0,0,0,0,0,0,0,0,0,0,0,0,0,0,0,0,0,0,0,0,0,0,0,0,0,0,0,0,0,0,0,33860
LA,CIS of the Gulf South,Cypress Academy,2018/2019 SY,36831,220117002415,General Youth Services,No,Public Charter,Elementary,Full Time,50,0,200,120,56,0,120,0,0,0,0,0,0,0,0,0,0,0,0,0,0,0,0,0,0,0,0,0,0,0,0,0,0,0,0,0,0,0,0,0,0,0,0,0,0,0,0,0,0,0,,0,0,0,0,0,0,0,0,0,0,0,0,0,0,0,0,0,0,0,0,0,0,0,0,0,0,0,0,0,0,0,0,0,0,0,0,0,0,0,0,0,0,0,0,0,0,0,0,0,0,0,0,0,0,0,0,0,0,0,0,0,0,0,0,0,0,0,0,0,0,0,0,,0,0,0,0,0,0,0,0,0,0,0,0,0,0,0,0,0,0,0,0,0,0,0,0,0,0,0,0,0,0,0,0,0,0,0,0,0,0,0,0,0,0,0,0,0,0,0,0,0,0,0,33860
LA,CIS of the Gulf South,Daspit Road Elementary,Not Reporting,447882,220072001925,,No,Public School,Combined (any other K-12 combination),,,0,,,0,0,0,0,0,0,0,0,0,0,0,0,0,0,0,0,0,0,0,0,0,0,0,0,0,0,0,0,0,0,0,0,0,0,0,0,0,0,0,0,0,0,0,0,0,0,,0,0,0,0,0,0,0,0,0,0,0,0,0,0,0,0,0,0,0,0,0,0,0,0,0,0,0,0,0,0,0,0,0,0,0,0,0,0,0,0,0,0,0,0,0,0,0,0,0,0,0,0,0,0,0,0,0,0,0,0,0,0,0,0,0,0,0,0,0,0,0,0,"Other (SEL), Overall SEAD assessment score",0,0,0,0,0,0,0,0,0,0,0,0,0,0,0,0,0,0,0,0,0,0,0,0,0,0,0,0,0,0,0,0,0,0,0,0,0,0,0,0,0,0,0,0,0,0,0,0,0,0,0,33860
LA,CIS of the Gulf South,Delcambre Elementary School,Not Reporting,623511,220072001585,,No,Public School,Elementary,,,0,,,0,0,0,0,0,0,0,0,0,0,0,0,0,0,0,0,0,0,0,0,0,0,0,0,0,0,0,0,0,0,0,0,0,0,0,0,0,0,0,0,0,0,0,0,0,0,,0,0,0,0,0,0,0,0,0,0,0,0,0,0,0,0,0,0,0,0,0,0,0,0,0,0,0,0,0,0,0,0,0,0,0,0,0,0,0,0,0,0,0,0,0,0,0,0,0,0,0,0,0,0,0,0,0,0,0,0,0,0,0,0,0,0,0,0,0,0,0,0,,0,0,0,0,0,0,0,0,0,0,0,0,0,0,0,0,0,0,0,0,0,0,0,0,0,0,0,0,0,0,0,0,0,0,0,0,0,0,0,0,0,0,0,0,0,0,0,0,0,0,0,33860
LA,CIS of the Gulf South,Edna Karr High School,Not Reporting,723376,220029400000,,No,Community-Based Site,Community-Based Site,,,0,,,0,0,0,0,0,0,0,0,0,0,0,0,0,0,0,0,0,0,0,0,0,0,0,0,0,0,0,0,0,0,0,0,0,0,0,0,0,0,0,0,0,0,0,0,0,0,,0,0,0,0,0,0,0,0,0,0,0,0,0,0,0,0,0,0,0,0,0,0,0,0,0,0,0,0,0,0,0,0,0,0,0,0,0,0,0,0,0,0,0,0,0,0,0,0,0,0,0,0,0,0,0,0,0,0,0,0,0,0,0,0,0,0,0,0,0,0,0,0,,0,0,0,0,0,0,0,0,0,0,0,0,0,0,0,0,0,0,0,0,0,0,0,0,0,0,0,0,0,0,0,0,0,0,0,0,0,0,0,0,0,0,0,0,0,0,0,0,0,0,0,33860
LA,CIS of the Gulf South,Elan Academy,Not Reporting,452893,220117002438,,No,Public Charter,Elementary,,,0,,,0,0,0,0,0,0,0,0,0,0,0,0,0,0,0,0,0,0,0,0,0,0,0,0,0,0,0,0,0,0,0,0,0,0,0,0,0,0,0,0,0,0,0,0,0,0,,0,0,0,0,0,0,0,0,0,0,0,0,0,0,0,0,0,0,0,0,0,0,0,0,0,0,0,0,0,0,0,0,0,0,0,0,0,0,0,0,0,0,0,0,0,0,0,0,0,0,0,0,0,0,0,0,0,0,0,0,0,0,0,0,0,0,0,0,0,0,0,0,"Behavior Engagement, Cognitive Engagement, Emotional Engagement, Global Engagement (Engagement Survey), Other (SEL), Overall SEAD assessment score, Self Control (SEAD), Social Engagement",0,0,0,0,0,0,0,0,0,0,0,0,0,0,0,0,0,0,0,0,0,0,0,0,0,0,0,0,0,0,0,0,0,0,0,0,0,0,0,0,0,0,0,0,0,0,0,0,0,0,0,33860
LA,CIS of the Gulf South,Eleanor McMain Secondary School,Not Reporting,723391,220029100945,,No,Community-Based Site,Community-Based Site,,,0,,,0,0,0,0,0,0,0,0,0,0,0,0,0,0,0,0,0,0,0,0,0,0,0,0,0,0,0,0,0,0,0,0,0,0,0,0,0,0,0,0,0,0,0,0,0,0,,0,0,0,0,0,0,0,0,0,0,0,0,0,0,0,0,0,0,0,0,0,0,0,0,0,0,0,0,0,0,0,0,0,0,0,0,0,0,0,0,0,0,0,0,0,0,0,0,0,0,0,0,0,0,0,0,0,0,0,0,0,0,0,0,0,0,0,0,0,0,0,0,,0,0,0,0,0,0,0,0,0,0,0,0,0,0,0,0,0,0,0,0,0,0,0,0,0,0,0,0,0,0,0,0,0,0,0,0,0,0,0,0,0,0,0,0,0,0,0,0,0,0,0,33860
LA,CIS of the Gulf South,Encore Academy,2018/2019 SY,36997,220028702350,General Youth Services,No,Public Charter,Combined (any other K-12 combination),Full Time,100,0,695,400,41,74,474,0,0,0,31,0,4,0,1,0,0,0,0,32,0,2,4,0,0,0,0,0,0,0,0,0,0,0,0,0,0,0,0,0,0,0,0,74,0,0,0,2,2,4,,52,5,17,74,0,43,31,74,0,36,38,74,4,37,33,74,6,9,59,74,1,46,27,74,0,33,41,74,2,45,27,74,3,23,48,74,0,9,65,74,0,40,34,74,0,48,26,74,11,29,34,74,0,34,40,74,74,64,8,2,73,56,12,5,74,55,14,5,0,0,0,0,,0,0,0,0,0,0,0,0,0,0,0,0,72,0,0,0,0,0,0,0,0,1,0,73,0,0,0,0,0,0,0,0,0,0,0,1,0,0,74,0,0,0,0,0,0,0,0,0,0,0,0,33860
LA,CIS of the Gulf South,Esperanza Elementary School,Not Reporting,716969,220032302496,,No,Public Charter,Elementary,,,0,,,0,0,0,0,0,0,0,0,0,0,0,0,0,0,0,0,0,0,0,0,0,0,0,0,0,0,0,0,0,0,0,0,0,0,0,0,0,0,0,0,0,0,0,0,0,0,,0,0,0,0,0,0,0,0,0,0,0,0,0,0,0,0,0,0,0,0,0,0,0,0,0,0,0,0,0,0,0,0,0,0,0,0,0,0,0,0,0,0,0,0,0,0,0,0,0,0,0,0,0,0,0,0,0,0,0,0,0,0,0,0,0,0,0,0,0,0,0,0,,0,0,0,0,0,0,0,0,0,0,0,0,0,0,0,0,0,0,0,0,0,0,0,0,0,0,0,0,0,0,0,0,0,0,0,0,0,0,0,0,0,0,0,0,0,0,0,0,0,0,0,33860
LA,CIS of the Gulf South,Esperanza Middle Charter School,Not Reporting,406900,220032302496,,No,Public Charter,Combined (any other K-12 combination),,,0,,,0,0,0,0,0,0,0,0,0,0,0,0,0,0,0,0,0,0,0,0,0,0,0,0,0,0,0,0,0,0,0,0,0,0,0,0,0,0,0,0,0,0,0,0,0,0,,0,0,0,0,0,0,0,0,0,0,0,0,0,0,0,0,0,0,0,0,0,0,0,0,0,0,0,0,0,0,0,0,0,0,0,0,0,0,0,0,0,0,0,0,0,0,0,0,0,0,0,0,0,0,0,0,0,0,0,0,0,0,0,0,0,0,0,0,0,0,0,0,"Other (SEL), Overall SEAD assessment score, Social Engagement",0,0,0,0,0,0,0,0,0,0,0,0,0,0,0,0,0,0,0,0,0,0,0,0,0,0,0,0,0,0,0,0,0,0,0,0,0,0,0,0,0,0,0,0,0,0,0,0,0,0,0,33860
LA,CIS of the Gulf South,Fannie C. Williams Charter School,Not Reporting,329932,220026702062,,No,Public Charter,Combined (any other K-12 combination),,,0,,,0,0,0,0,0,0,0,0,0,0,0,0,0,0,0,0,0,0,0,0,0,0,0,0,0,0,0,0,0,0,0,0,0,0,0,0,0,0,0,0,0,0,0,0,0,0,,0,0,0,0,0,0,0,0,0,0,0,0,0,0,0,0,0,0,0,0,0,0,0,0,0,0,0,0,0,0,0,0,0,0,0,0,0,0,0,0,0,0,0,0,0,0,0,0,0,0,0,0,0,0,0,0,0,0,0,0,0,0,0,0,0,0,0,0,0,0,0,0,"Overall SEAD assessment score, Social Engagement",0,0,0,0,0,0,0,0,0,0,0,0,0,0,0,0,0,0,0,0,0,0,0,0,0,0,0,0,0,0,0,0,0,0,0,0,0,0,0,0,0,0,0,0,0,0,0,0,0,0,0,33860
LA,CIS of the Gulf South,Foundation Preparatory,2018/2019 SY,37080,220117002412,CIS Model,No,Public Charter,Combined (any other K-12 combination),Full Time,62,0,278,200,15,78,278,0,0,0,27,2,1,0,1,0,0,0,0,34,8,0,1,4,0,0,0,0,0,0,0,0,0,0,0,0,0,0,0,0,0,0,0,78,7,0,0,11,12,30,,73,1,4,78,0,75,3,78,1,74,3,78,12,63,3,78,12,0,66,78,4,71,3,78,0,73,5,78,2,69,7,78,2,16,60,78,1,74,3,78,4,71,3,78,0,73,5,78,7,64,7,78,0,75,3,78,70,41,18,10,70,55,9,6,70,22,47,1,0,0,0,0,"Global Engagement (Engagement Survey), Other (SEL), Social Engagement",0,0,0,0,0,0,0,0,0,0,0,0,57,0,4,0,17,0,0,0,0,0,0,78,0,0,0,0,0,0,0,0,0,0,0,0,0,0,78,0,0,0,0,0,0,0,0,0,0,0,0,33860
LA,CIS of the Gulf South,Homer A Plessy Community School,Not Reporting,37298,000000000000,,No,Public Charter,Elementary,,,0,,,0,0,0,0,0,0,0,0,0,0,0,0,0,0,0,0,0,0,0,0,0,0,0,0,0,0,0,0,0,0,0,0,0,0,0,0,0,0,0,0,0,0,0,0,0,0,,0,0,0,0,0,0,0,0,0,0,0,0,0,0,0,0,0,0,0,0,0,0,0,0,0,0,0,0,0,0,0,0,0,0,0,0,0,0,0,0,0,0,0,0,0,0,0,0,0,0,0,0,0,0,0,0,0,0,0,0,0,0,0,0,0,0,0,0,0,0,0,0,,0,0,0,0,0,0,0,0,0,0,0,0,0,0,0,0,0,0,0,0,0,0,0,0,0,0,0,0,0,0,0,0,0,0,0,0,0,0,0,0,0,0,0,0,0,0,0,0,0,0,0,33860
LA,CIS of the Gulf South,Iberia Middle School,Not Reporting,447884,220072000316,,No,Public School,Middle ,,,0,,,0,0,0,0,0,0,0,0,0,0,0,0,0,0,0,0,0,0,0,0,0,0,0,0,0,0,0,0,0,0,0,0,0,0,0,0,0,0,0,0,0,0,0,0,0,0,,0,0,0,0,0,0,0,0,0,0,0,0,0,0,0,0,0,0,0,0,0,0,0,0,0,0,0,0,0,0,0,0,0,0,0,0,0,0,0,0,0,0,0,0,0,0,0,0,0,0,0,0,0,0,0,0,0,0,0,0,0,0,0,0,0,0,0,0,0,0,0,0,"Academic Mindset (SEAD construct), Overall SEAD assessment score, Self Control (SEAD), Self-Perception (SEAD), Social Awareness (SEAD)",0,0,0,0,0,0,0,0,0,0,0,0,0,0,0,0,0,0,0,0,0,0,0,0,0,0,0,0,0,0,0,0,0,0,0,0,0,0,0,0,0,0,0,0,0,0,0,0,0,0,0,33860
LA,CIS of the Gulf South,Inspire Charter Academy,Not Reporting,406258,220054002316,,No,Public Charter,Combined (any other K-12 combination),,,0,,,0,0,0,0,0,0,0,0,0,0,0,0,0,0,0,0,0,0,0,0,0,0,0,0,0,0,0,0,0,0,0,0,0,0,0,0,0,0,0,0,0,0,0,0,0,0,,0,0,0,0,0,0,0,0,0,0,0,0,0,0,0,0,0,0,0,0,0,0,0,0,0,0,0,0,0,0,0,0,0,0,0,0,0,0,0,0,0,0,0,0,0,0,0,0,0,0,0,0,0,0,0,0,0,0,0,0,0,0,0,0,0,0,0,0,0,0,0,0,"Other (SEL), Overall SEAD assessment score",0,0,0,0,0,0,0,0,0,0,0,0,0,0,0,0,0,0,0,0,0,0,0,0,0,0,0,0,0,0,0,0,0,0,0,0,0,0,0,0,0,0,0,0,0,0,0,0,0,0,0,33860
LA,CIS of the Gulf South,JCFA  Algiers,2018/2019 SY,37354,000000000000,CIS Model,Yes,Public Charter,High,Full Time,36,0,110,23,30,57,80,0,0,0,17,0,2,0,0,0,0,0,0,27,2,8,1,0,0,0,0,0,0,0,0,0,0,0,0,0,0,0,0,0,0,0,0,57,1,0,0,1,0,2,,56,1,0,57,16,41,0,57,0,56,1,57,0,57,0,57,54,0,3,57,5,52,0,57,13,29,15,57,3,54,0,57,6,30,21,57,0,50,7,57,55,2,0,57,4,53,0,57,11,44,2,57,23,21,13,57,36,4,18,14,36,18,15,3,36,2,9,25,0,0,0,0,,0,0,0,0,0,0,0,0,0,0,0,0,0,0,13,17,9,3,5,1,0,1,0,49,2,1,2,1,2,0,0,0,0,0,8,0,0,0,57,1,3,1,2,0,0,0,0,1,0,0,4,33860
LA,CIS of the Gulf South,JCFA  East,2018/2019 SY,37355,220024102370,CIS Model,Yes,Public Charter,High,Full Time,45,0,148,73,40,34,107,0,0,0,4,0,14,1,0,1,0,0,0,4,3,6,1,0,0,0,0,0,0,0,0,0,0,0,0,0,0,0,0,0,0,0,0,34,4,0,0,0,0,4,,30,1,3,34,11,20,3,34,0,31,3,34,1,29,4,34,20,2,12,34,1,28,5,34,1,26,7,34,1,30,3,34,4,23,7,34,1,19,14,34,30,1,3,34,1,30,3,34,12,17,5,34,5,17,12,34,33,17,10,6,34,30,3,1,33,10,20,3,0,0,0,0,,0,0,0,0,0,0,0,0,0,0,0,0,20,0,5,0,3,0,0,0,0,0,0,28,2,4,0,0,0,0,0,0,0,0,6,0,0,0,34,1,0,0,0,0,2,0,0,0,0,0,2,33860
LA,CIS of the Gulf South,JCFA Lafayette,Not Reporting,329931,220030102445,,Yes,Public Charter,High,,,0,,,0,0,0,0,0,0,0,0,0,0,0,0,0,0,0,0,0,0,0,0,0,0,0,0,0,0,0,0,0,0,0,0,0,0,0,0,0,0,0,0,0,0,0,0,0,0,,0,0,0,0,0,0,0,0,0,0,0,0,0,0,0,0,0,0,0,0,0,0,0,0,0,0,0,0,0,0,0,0,0,0,0,0,0,0,0,0,0,0,0,0,0,0,0,0,0,0,0,0,0,0,0,0,0,0,0,0,0,0,0,0,0,0,0,0,0,0,0,0,,0,0,0,0,0,0,0,0,0,0,0,0,0,0,0,0,0,0,0,0,0,0,0,0,0,0,0,0,0,0,0,0,0,0,0,0,0,0,0,0,0,0,0,0,0,0,0,0,0,0,0,33860
LA,CIS of the Gulf South,JCFA Marrero,2018/2019 SY,37356,220084002305,CIS Model,Yes,Public Charter,High,Full Time,10,0,103,7,35,61,68,0,0,0,15,2,7,0,0,0,0,0,0,17,3,14,3,0,0,0,0,0,0,0,0,0,0,0,0,0,0,0,0,0,0,0,0,61,5,0,0,3,0,8,,58,0,3,61,15,41,5,61,1,58,2,61,1,57,3,61,44,7,10,61,2,56,3,61,8,50,3,61,10,49,2,61,14,41,6,61,13,44,4,61,55,5,1,61,7,54,0,61,28,32,1,61,17,37,7,61,46,33,8,5,48,43,5,0,47,34,10,3,0,0,0,0,,0,0,0,0,0,0,0,0,0,0,0,0,30,0,0,16,1,1,1,3,0,0,0,52,7,1,0,1,0,0,0,0,0,0,9,0,0,0,61,0,0,0,0,0,1,0,0,0,0,0,1,33860
LA,CIS of the Gulf South,Jefferson Island Road Elementary,Not Reporting,536562,220072002085,,No,Public School,Combined (any other K-12 combination),,,0,,,0,0,0,0,0,0,0,0,0,0,0,0,0,0,0,0,0,0,0,0,0,0,0,0,0,0,0,0,0,0,0,0,0,0,0,0,0,0,0,0,0,0,0,0,0,0,,0,0,0,0,0,0,0,0,0,0,0,0,0,0,0,0,0,0,0,0,0,0,0,0,0,0,0,0,0,0,0,0,0,0,0,0,0,0,0,0,0,0,0,0,0,0,0,0,0,0,0,0,0,0,0,0,0,0,0,0,0,0,0,0,0,0,0,0,0,0,0,0,,0,0,0,0,0,0,0,0,0,0,0,0,0,0,0,0,0,0,0,0,0,0,0,0,0,0,0,0,0,0,0,0,0,0,0,0,0,0,0,0,0,0,0,0,0,0,0,0,0,0,0,33860
LA,CIS of the Gulf South,Jefferson Rise Charter School,2018/2019 SY,145395,220084002419,CIS Model,No,Public Charter,Combined (any other K-12 combination),Full Time,60,0,426,373,0,51,424,0,0,0,22,1,5,2,4,0,0,0,0,4,3,6,1,2,0,0,0,0,0,1,0,0,0,0,0,0,0,0,0,0,0,0,0,51,7,2,0,16,0,25,,48,3,0,51,0,44,7,51,0,39,12,51,2,49,0,51,8,15,28,51,0,51,0,51,0,51,0,51,0,51,0,51,1,31,19,51,4,21,26,51,13,38,0,51,0,51,0,51,10,38,3,51,0,50,1,51,45,16,9,20,45,45,0,0,45,23,17,5,0,0,0,0,Overall SEAD assessment score,0,0,0,0,0,0,0,0,0,0,0,0,39,0,6,0,6,0,0,0,0,0,0,51,0,0,0,0,0,0,0,0,0,0,0,0,0,0,51,0,0,0,0,0,0,0,0,0,0,0,0,33860
LA,CIS of the Gulf South,Johnston Hopkins Elementary School,Not Reporting,329926,220072000514,,No,Public School,Combined (any other K-12 combination),,,0,,,0,0,0,0,0,0,0,0,0,0,0,0,0,0,0,0,0,0,0,0,0,0,0,0,0,0,0,0,0,0,0,0,0,0,0,0,0,0,0,0,0,0,0,0,0,0,,0,0,0,0,0,0,0,0,0,0,0,0,0,0,0,0,0,0,0,0,0,0,0,0,0,0,0,0,0,0,0,0,0,0,0,0,0,0,0,0,0,0,0,0,0,0,0,0,0,0,0,0,0,0,0,0,0,0,0,0,0,0,0,0,0,0,0,0,0,0,0,0,,0,0,0,0,0,0,0,0,0,0,0,0,0,0,0,0,0,0,0,0,0,0,0,0,0,0,0,0,0,0,0,0,0,0,0,0,0,0,0,0,0,0,0,0,0,0,0,0,0,0,0,33860
LA,CIS of the Gulf South,Joseph S Clark,Not Reporting,37390,220022900865,,No,Public Charter,High,,,0,,,0,0,0,0,0,0,0,0,0,0,0,0,0,0,0,0,0,0,0,0,0,0,0,0,0,0,0,0,0,0,0,0,0,0,0,0,0,0,0,0,0,0,0,0,0,0,,0,0,0,0,0,0,0,0,0,0,0,0,0,0,0,0,0,0,0,0,0,0,0,0,0,0,0,0,0,0,0,0,0,0,0,0,0,0,0,0,0,0,0,0,0,0,0,0,0,0,0,0,0,0,0,0,0,0,0,0,0,0,0,0,0,0,0,0,0,0,0,0,,0,0,0,0,0,0,0,0,0,0,0,0,0,0,0,0,0,0,0,0,0,0,0,0,0,0,0,0,0,0,0,0,0,0,0,0,0,0,0,0,0,0,0,0,0,0,0,0,0,0,0,33860
LA,CIS of the Gulf South,KIPP Believe Elementary,Not Reporting,716967,220021600958,,Yes,Public Charter,Combined (any other K-12 combination),,,0,,,0,0,0,0,0,0,0,0,0,0,0,0,0,0,0,0,0,0,0,0,0,0,0,0,0,0,0,0,0,0,0,0,0,0,0,0,0,0,0,0,0,0,0,0,0,0,,0,0,0,0,0,0,0,0,0,0,0,0,0,0,0,0,0,0,0,0,0,0,0,0,0,0,0,0,0,0,0,0,0,0,0,0,0,0,0,0,0,0,0,0,0,0,0,0,0,0,0,0,0,0,0,0,0,0,0,0,0,0,0,0,0,0,0,0,0,0,0,0,,0,0,0,0,0,0,0,0,0,0,0,0,0,0,0,0,0,0,0,0,0,0,0,0,0,0,0,0,0,0,0,0,0,0,0,0,0,0,0,0,0,0,0,0,0,0,0,0,0,0,0,33860
LA,CIS of the Gulf South,KIPP Belive Middle School,Not Reporting,716968,220021600958,,No,Public Charter,Combined (any other K-12 combination),,,0,,,0,0,0,0,0,0,0,0,0,0,0,0,0,0,0,0,0,0,0,0,0,0,0,0,0,0,0,0,0,0,0,0,0,0,0,0,0,0,0,0,0,0,0,0,0,0,,0,0,0,0,0,0,0,0,0,0,0,0,0,0,0,0,0,0,0,0,0,0,0,0,0,0,0,0,0,0,0,0,0,0,0,0,0,0,0,0,0,0,0,0,0,0,0,0,0,0,0,0,0,0,0,0,0,0,0,0,0,0,0,0,0,0,0,0,0,0,0,0,,0,0,0,0,0,0,0,0,0,0,0,0,0,0,0,0,0,0,0,0,0,0,0,0,0,0,0,0,0,0,0,0,0,0,0,0,0,0,0,0,0,0,0,0,0,0,0,0,0,0,0,33860
LA,CIS of the Gulf South,KIPP East Community Primary,Not Reporting,716949,220024800000,,No,Public Charter,Combined (any other K-12 combination),,,0,,,0,0,0,0,0,0,0,0,0,0,0,0,0,0,0,0,0,0,0,0,0,0,0,0,0,0,0,0,0,0,0,0,0,0,0,0,0,0,0,0,0,0,0,0,0,0,,0,0,0,0,0,0,0,0,0,0,0,0,0,0,0,0,0,0,0,0,0,0,0,0,0,0,0,0,0,0,0,0,0,0,0,0,0,0,0,0,0,0,0,0,0,0,0,0,0,0,0,0,0,0,0,0,0,0,0,0,0,0,0,0,0,0,0,0,0,0,0,0,,0,0,0,0,0,0,0,0,0,0,0,0,0,0,0,0,0,0,0,0,0,0,0,0,0,0,0,0,0,0,0,0,0,0,0,0,0,0,0,0,0,0,0,0,0,0,0,0,0,0,0,33860
LA,CIS of the Gulf South,KIPP Renaisance,Not Reporting,37444,000000000000,,No,Public Charter,High,,,0,,,0,0,0,0,0,0,0,0,0,0,0,0,0,0,0,0,0,0,0,0,0,0,0,0,0,0,0,0,0,0,0,0,0,0,0,0,0,0,0,0,0,0,0,0,0,0,,0,0,0,0,0,0,0,0,0,0,0,0,0,0,0,0,0,0,0,0,0,0,0,0,0,0,0,0,0,0,0,0,0,0,0,0,0,0,0,0,0,0,0,0,0,0,0,0,0,0,0,0,0,0,0,0,0,0,0,0,0,0,0,0,0,0,0,0,0,0,0,0,,0,0,0,0,0,0,0,0,0,0,0,0,0,0,0,0,0,0,0,0,0,0,0,0,0,0,0,0,0,0,0,0,0,0,0,0,0,0,0,0,0,0,0,0,0,0,0,0,0,0,0,33860
LA,CIS of the Gulf South,Lafayette Academy Middle School,Not Reporting,406903,220032202495,,No,Public Charter,Middle ,,,0,,,0,0,0,0,0,0,0,0,0,0,0,0,0,0,0,0,0,0,0,0,0,0,0,0,0,0,0,0,0,0,0,0,0,0,0,0,0,0,0,0,0,0,0,0,0,0,,0,0,0,0,0,0,0,0,0,0,0,0,0,0,0,0,0,0,0,0,0,0,0,0,0,0,0,0,0,0,0,0,0,0,0,0,0,0,0,0,0,0,0,0,0,0,0,0,0,0,0,0,0,0,0,0,0,0,0,0,0,0,0,0,0,0,0,0,0,0,0,0,"Emotional Engagement, Overall SEAD assessment score, Social Engagement",0,0,0,0,0,0,0,0,0,0,0,0,0,0,0,0,0,0,0,0,0,0,0,0,0,0,0,0,0,0,0,0,0,0,0,0,0,0,0,0,0,0,0,0,0,0,0,0,0,0,0,33860
LA,CIS of the Gulf South,Lafayette Academy School,Not Reporting,406902,220032202495,,No,Public Charter,Combined (any other K-12 combination),,,0,,,0,0,0,0,0,0,0,0,0,0,0,0,0,0,0,0,0,0,0,0,0,0,0,0,0,0,0,0,0,0,0,0,0,0,0,0,0,0,0,0,0,0,0,0,0,0,,0,0,0,0,0,0,0,0,0,0,0,0,0,0,0,0,0,0,0,0,0,0,0,0,0,0,0,0,0,0,0,0,0,0,0,0,0,0,0,0,0,0,0,0,0,0,0,0,0,0,0,0,0,0,0,0,0,0,0,0,0,0,0,0,0,0,0,0,0,0,0,0,"Behavior Engagement, Cognitive Engagement, Emotional Engagement, Other (SEL), Overall SEAD assessment score, Self Control (SEAD), Social Awareness (SEAD), Social Engagement",0,0,0,0,0,0,0,0,0,0,0,0,0,0,0,0,0,0,0,0,0,0,0,0,0,0,0,0,0,0,0,0,0,0,0,0,0,0,0,0,0,0,0,0,0,0,0,0,0,0,0,33860
la,CIS of the Gulf South,Langston Hughes Academy,2018/2019 SY,210423,220020600976,CIS Model,No,Public Charter,Combined (any other K-12 combination),Full Time,50,0,804,600,99,105,705,0,0,0,36,0,0,0,0,0,0,0,0,67,1,1,0,0,0,0,0,0,0,0,0,0,0,0,0,0,0,0,0,0,0,0,0,105,0,0,0,22,3,25,,56,1,48,105,1,62,42,105,0,53,52,105,1,72,32,105,39,7,59,105,0,69,36,105,0,68,37,105,2,69,34,105,10,28,67,105,0,30,75,105,1,62,42,105,0,82,23,105,21,63,21,105,0,71,34,105,102,36,20,46,101,87,1,13,102,49,27,26,0,0,0,0,"Other (SEL), Overall SEAD assessment score",0,0,0,0,0,0,0,0,0,0,0,0,101,0,0,0,2,0,0,0,0,2,0,105,0,0,0,0,0,0,0,0,0,0,0,0,0,0,105,0,0,0,0,0,0,0,0,0,0,0,0,33860
LA,CIS of the Gulf South,Laureate Academy Charter School,Not Reporting,541444,220084002411,,No,Public Charter,Elementary,,,0,,,0,0,0,0,0,0,0,0,0,0,0,0,0,0,0,0,0,0,0,0,0,0,0,0,0,0,0,0,0,0,0,0,0,0,0,0,0,0,0,0,0,0,0,0,0,0,,0,0,0,0,0,0,0,0,0,0,0,0,0,0,0,0,0,0,0,0,0,0,0,0,0,0,0,0,0,0,0,0,0,0,0,0,0,0,0,0,0,0,0,0,0,0,0,0,0,0,0,0,0,0,0,0,0,0,0,0,0,0,0,0,0,0,0,0,0,0,0,0,Social Engagement,0,0,0,0,0,0,0,0,0,0,0,0,0,0,0,0,0,0,0,0,0,0,0,0,0,0,0,0,0,0,0,0,0,0,0,0,0,0,0,0,0,0,0,0,0,0,0,0,0,0,0,33860
LA,CIS of the Gulf South,Lawrence D. Crocker College Prep,Not Reporting,329925,220026602352,,No,Public Charter,Combined (any other K-12 combination),,,0,,,0,0,0,0,0,0,0,0,0,0,0,0,0,0,0,0,0,0,0,0,0,0,0,0,0,0,0,0,0,0,0,0,0,0,0,0,0,0,0,0,0,0,0,0,0,0,,0,0,0,0,0,0,0,0,0,0,0,0,0,0,0,0,0,0,0,0,0,0,0,0,0,0,0,0,0,0,0,0,0,0,0,0,0,0,0,0,0,0,0,0,0,0,0,0,0,0,0,0,0,0,0,0,0,0,0,0,0,0,0,0,0,0,0,0,0,0,0,0,,0,0,0,0,0,0,0,0,0,0,0,0,0,0,0,0,0,0,0,0,0,0,0,0,0,0,0,0,0,0,0,0,0,0,0,0,0,0,0,0,0,0,0,0,0,0,0,0,0,0,0,33860
LA,CIS of the Gulf South,Live Oak,2018/2019 SY,242058,220030202460,CIS Model,No,Public Charter,Combined (any other K-12 combination),Full Time,150,0,509,350,165,158,508,0,0,0,65,11,7,0,0,0,0,0,0,60,12,1,1,1,0,0,0,0,0,0,0,0,0,0,0,0,0,0,0,0,0,0,0,158,8,0,0,5,13,26,,157,0,1,158,1,61,96,158,1,60,97,158,23,132,3,158,24,9,125,158,0,108,50,158,0,67,91,158,5,120,33,158,7,38,113,158,1,90,67,158,2,151,5,158,0,157,1,158,24,132,2,158,0,84,74,158,155,63,29,63,155,136,9,10,154,116,25,13,0,0,0,0,"Other (SEL), Overall SEAD assessment score",0,0,0,0,0,0,0,0,0,0,0,0,152,0,0,0,6,0,0,0,0,0,0,158,0,0,0,0,0,0,0,0,0,0,0,0,0,0,158,0,0,0,0,0,0,0,0,0,0,0,0,33860
LA,CIS of the Gulf South,Loreauville Elementary,Not Reporting,518268,220072000522,,No,Public School,Combined (any other K-12 combination),,,0,,,0,0,0,0,0,0,0,0,0,0,0,0,0,0,0,0,0,0,0,0,0,0,0,0,0,0,0,0,0,0,0,0,0,0,0,0,0,0,0,0,0,0,0,0,0,0,,0,0,0,0,0,0,0,0,0,0,0,0,0,0,0,0,0,0,0,0,0,0,0,0,0,0,0,0,0,0,0,0,0,0,0,0,0,0,0,0,0,0,0,0,0,0,0,0,0,0,0,0,0,0,0,0,0,0,0,0,0,0,0,0,0,0,0,0,0,0,0,0,,0,0,0,0,0,0,0,0,0,0,0,0,0,0,0,0,0,0,0,0,0,0,0,0,0,0,0,0,0,0,0,0,0,0,0,0,0,0,0,0,0,0,0,0,0,0,0,0,0,0,0,33860
LA,CIS of the Gulf South,Loreauville High School,Not Reporting,594239,220072000523,,No,Public School,Combined (any other K-12 combination),,,0,,,0,0,0,0,0,0,0,0,0,0,0,0,0,0,0,0,0,0,0,0,0,0,0,0,0,0,0,0,0,0,0,0,0,0,0,0,0,0,0,0,0,0,0,0,0,0,,0,0,0,0,0,0,0,0,0,0,0,0,0,0,0,0,0,0,0,0,0,0,0,0,0,0,0,0,0,0,0,0,0,0,0,0,0,0,0,0,0,0,0,0,0,0,0,0,0,0,0,0,0,0,0,0,0,0,0,0,0,0,0,0,0,0,0,0,0,0,0,0,"Global Engagement (SEAD), Other (SEL), Self Control (SEAD), Self-Perception (SEAD), Social Awareness (SEAD), Social Support (SEAD)",0,0,0,0,0,0,0,0,0,0,0,0,0,0,0,0,0,0,0,0,0,0,0,0,0,0,0,0,0,0,0,0,0,0,0,0,0,0,0,0,0,0,0,0,0,0,0,0,0,0,0,33860
LA,CIS of the Gulf South,Magnolia Elementary,Not Reporting,452424,220072002078,,No,Public School,Combined (any other K-12 combination),,,0,,,0,0,0,0,0,0,0,0,0,0,0,0,0,0,0,0,0,0,0,0,0,0,0,0,0,0,0,0,0,0,0,0,0,0,0,0,0,0,0,0,0,0,0,0,0,0,,0,0,0,0,0,0,0,0,0,0,0,0,0,0,0,0,0,0,0,0,0,0,0,0,0,0,0,0,0,0,0,0,0,0,0,0,0,0,0,0,0,0,0,0,0,0,0,0,0,0,0,0,0,0,0,0,0,0,0,0,0,0,0,0,0,0,0,0,0,0,0,0,"Academic Mindset (SEAD construct), Other (SEL), Overall SEAD assessment score, Self Control (SEAD), Self-Perception (SEAD), Social Awareness (SEAD)",0,0,0,0,0,0,0,0,0,0,0,0,0,0,0,0,0,0,0,0,0,0,0,0,0,0,0,0,0,0,0,0,0,0,0,0,0,0,0,0,0,0,0,0,0,0,0,0,0,0,0,33860
LA,CIS of the Gulf South,McDonogh 35 Senior High School,Not Reporting,723401,220031200000,,No,Community-Based Site,Community-Based Site,,,0,,,0,0,0,0,0,0,0,0,0,0,0,0,0,0,0,0,0,0,0,0,0,0,0,0,0,0,0,0,0,0,0,0,0,0,0,0,0,0,0,0,0,0,0,0,0,0,,0,0,0,0,0,0,0,0,0,0,0,0,0,0,0,0,0,0,0,0,0,0,0,0,0,0,0,0,0,0,0,0,0,0,0,0,0,0,0,0,0,0,0,0,0,0,0,0,0,0,0,0,0,0,0,0,0,0,0,0,0,0,0,0,0,0,0,0,0,0,0,0,,0,0,0,0,0,0,0,0,0,0,0,0,0,0,0,0,0,0,0,0,0,0,0,0,0,0,0,0,0,0,0,0,0,0,0,0,0,0,0,0,0,0,0,0,0,0,0,0,0,0,0,33860
LA,CIS of the Gulf South,Menard Nelson Charter School,2018/2019 SY,145403,000002200209,,No,Public Charter,Combined (any other K-12 combination),,6,0,456,150,47,20,170,0,0,0,5,0,0,0,0,0,0,0,0,15,0,0,0,0,0,0,0,0,0,0,0,0,0,0,0,0,0,0,0,0,0,0,0,20,0,0,0,0,2,2,,20,0,0,20,1,19,0,20,0,20,0,20,20,0,0,20,18,0,2,20,0,20,0,20,0,19,1,20,0,20,0,20,1,12,7,20,0,20,0,20,1,19,0,20,0,20,0,20,14,6,0,20,1,18,1,20,20,6,0,14,20,12,4,4,20,17,1,2,0,0,0,0,,0,0,0,0,0,0,0,0,0,0,0,0,20,0,0,0,0,0,0,0,0,0,0,20,0,0,0,0,0,0,0,0,0,0,0,0,0,0,20,0,0,0,0,0,0,0,0,0,0,0,0,33860
LA,CIS of the Gulf South,Mildred Osborne Charter School,Not Reporting,145396,220024902367,,No,Public Charter,Combined (any other K-12 combination),,,0,,,0,0,0,0,0,0,0,0,0,0,0,0,0,0,0,0,0,0,0,0,0,0,0,0,0,0,0,0,0,0,0,0,0,0,0,0,0,0,0,0,0,0,0,0,0,0,,0,0,0,0,0,0,0,0,0,0,0,0,0,0,0,0,0,0,0,0,0,0,0,0,0,0,0,0,0,0,0,0,0,0,0,0,0,0,0,0,0,0,0,0,0,0,0,0,0,0,0,0,0,0,0,0,0,0,0,0,0,0,0,0,0,0,0,0,0,0,0,0,,0,0,0,0,0,0,0,0,0,0,0,0,0,0,0,0,0,0,0,0,0,0,0,0,0,0,0,0,0,0,0,0,0,0,0,0,0,0,0,0,0,0,0,0,0,0,0,0,0,0,0,33860
LA,CIS of the Gulf South,Morris Jeff Community School,2018/2019 SY,37708,220020302297,CIS Model,No,Public Charter,Combined (any other K-12 combination),Full Time,132,0,991,110,58,129,239,0,0,0,43,5,15,1,0,0,0,0,0,29,10,18,7,0,0,0,0,0,1,0,0,0,0,0,0,0,0,0,0,0,0,0,0,129,11,0,0,2,2,15,,79,29,21,129,0,119,10,129,0,103,26,129,26,97,6,129,42,46,41,129,3,117,9,129,1,118,10,129,2,116,11,129,2,97,30,129,2,97,30,129,2,114,13,129,0,122,7,129,22,98,9,129,1,118,10,129,124,81,16,27,124,96,17,11,124,81,32,11,1,1,0,0,"Academic Mindset (SEAD construct), Other (SEL), Overall SEAD assessment score, Self Control (SEAD), Social Awareness (SEAD), Social Engagement",0,0,0,0,0,0,0,0,0,0,0,0,94,0,2,0,32,0,0,0,0,0,0,128,0,0,0,0,0,0,0,0,0,0,0,1,0,0,129,0,0,0,0,0,0,0,0,0,0,0,0,33860
LA,CIS of the Gulf South,New Harmony High School,2018/2019 SY,242052,220030402457,CIS Model,No,Public Charter,High,Full Time,30,0,43,4,9,35,39,0,0,0,15,2,3,2,1,0,0,0,0,6,0,5,0,0,0,0,0,0,0,0,1,0,0,0,0,0,0,0,0,0,0,0,0,35,2,0,0,14,0,16,,11,21,3,35,3,32,0,35,1,28,6,35,1,34,0,35,25,2,8,35,1,34,0,35,0,34,1,35,1,33,1,35,0,31,4,35,6,25,4,35,5,29,1,35,0,35,0,35,13,19,3,35,0,33,2,35,35,27,8,0,35,34,1,0,35,30,5,0,0,0,0,0,"Emotional Engagement, Global Engagement (SEAD), Overall SEAD assessment score, Self Control (SEAD), Self-Perception (SEAD), Social Awareness (SEAD), Social Engagement",0,0,0,0,0,0,0,0,0,0,0,0,35,0,0,0,0,0,0,0,0,0,0,35,0,0,0,0,0,0,0,0,0,0,0,0,0,0,35,0,0,0,0,0,0,0,0,0,0,0,0,33860
LA,CIS of the Gulf South,New Orleans Charter Science and Mathematics HS,Not Reporting,716971,220028100234,,No,Public Charter,High,,,0,,,0,0,0,0,0,0,0,0,0,0,0,0,0,0,0,0,0,0,0,0,0,0,0,0,0,0,0,0,0,0,0,0,0,0,0,0,0,0,0,0,0,0,0,0,0,0,,0,0,0,0,0,0,0,0,0,0,0,0,0,0,0,0,0,0,0,0,0,0,0,0,0,0,0,0,0,0,0,0,0,0,0,0,0,0,0,0,0,0,0,0,0,0,0,0,0,0,0,0,0,0,0,0,0,0,0,0,0,0,0,0,0,0,0,0,0,0,0,0,"Behavior Engagement, Emotional Engagement, Social Engagement",0,0,0,0,0,0,0,0,0,0,0,0,0,0,0,0,0,0,0,0,0,0,0,0,0,0,0,0,0,0,0,0,0,0,0,0,0,0,0,0,0,0,0,0,0,0,0,0,0,0,0,33860
LA,CIS of the Gulf South,North Lewis Elementary,Not Reporting,536498,220072000528,,No,Public School,Combined (any other K-12 combination),,,0,,,0,0,0,0,0,0,0,0,0,0,0,0,0,0,0,0,0,0,0,0,0,0,0,0,0,0,0,0,0,0,0,0,0,0,0,0,0,0,0,0,0,0,0,0,0,0,,0,0,0,0,0,0,0,0,0,0,0,0,0,0,0,0,0,0,0,0,0,0,0,0,0,0,0,0,0,0,0,0,0,0,0,0,0,0,0,0,0,0,0,0,0,0,0,0,0,0,0,0,0,0,0,0,0,0,0,0,0,0,0,0,0,0,0,0,0,0,0,0,,0,0,0,0,0,0,0,0,0,0,0,0,0,0,0,0,0,0,0,0,0,0,0,0,0,0,0,0,0,0,0,0,0,0,0,0,0,0,0,0,0,0,0,0,0,0,0,0,0,0,0,33860
LA,CIS of the Gulf South,Park Elementary School,Not Reporting,329927,220072000530,,No,Public School,Combined (any other K-12 combination),,,0,,,0,0,0,0,0,0,0,0,0,0,0,0,0,0,0,0,0,0,0,0,0,0,0,0,0,0,0,0,0,0,0,0,0,0,0,0,0,0,0,0,0,0,0,0,0,0,,0,0,0,0,0,0,0,0,0,0,0,0,0,0,0,0,0,0,0,0,0,0,0,0,0,0,0,0,0,0,0,0,0,0,0,0,0,0,0,0,0,0,0,0,0,0,0,0,0,0,0,0,0,0,0,0,0,0,0,0,0,0,0,0,0,0,0,0,0,0,0,0,Other (SEL),0,0,0,0,0,0,0,0,0,0,0,0,0,0,0,0,0,0,0,0,0,0,0,0,0,0,0,0,0,0,0,0,0,0,0,0,0,0,0,0,0,0,0,0,0,0,0,0,0,0,0,33860
LA,CIS of the Gulf South,Pesson Addition Elementary School,Not Reporting,623512,220072000532,,Yes,Public School,Combined (any other K-12 combination),,,0,,,0,0,0,0,0,0,0,0,0,0,0,0,0,0,0,0,0,0,0,0,0,0,0,0,0,0,0,0,0,0,0,0,0,0,0,0,0,0,0,0,0,0,0,0,0,0,,0,0,0,0,0,0,0,0,0,0,0,0,0,0,0,0,0,0,0,0,0,0,0,0,0,0,0,0,0,0,0,0,0,0,0,0,0,0,0,0,0,0,0,0,0,0,0,0,0,0,0,0,0,0,0,0,0,0,0,0,0,0,0,0,0,0,0,0,0,0,0,0,,0,0,0,0,0,0,0,0,0,0,0,0,0,0,0,0,0,0,0,0,0,0,0,0,0,0,0,0,0,0,0,0,0,0,0,0,0,0,0,0,0,0,0,0,0,0,0,0,0,0,0,33860
LA,CIS of the Gulf South,Phillis Wheatley Community School,2018/2019 SY,37928,220025300877,CIS Model,No,Public Charter,Combined (any other K-12 combination),,186,0,840,639,18,189,828,0,0,0,86,17,1,0,0,0,0,0,0,71,13,1,0,0,0,0,0,0,0,0,0,0,0,0,0,0,0,0,0,0,0,0,0,189,7,0,0,21,11,39,,92,2,95,189,5,81,103,189,0,81,108,189,5,86,98,189,43,5,141,189,3,83,103,189,2,83,104,189,4,78,107,189,16,34,139,189,1,55,133,189,3,94,92,189,0,96,93,189,40,47,102,189,3,71,115,189,188,57,39,92,188,173,8,7,188,85,65,38,0,0,0,0,"Academic Mindset (SEAD construct), Behavior Engagement, Emotional Engagement, Other (SEL), Overall SEAD assessment score, Self Control (SEAD), Social Awareness (SEAD), Social Engagement, Social Support (SEAD)",0,0,0,0,0,0,0,0,0,0,0,0,183,0,1,0,3,0,0,0,0,0,0,187,0,0,0,0,0,0,0,0,0,0,0,2,0,0,189,0,0,0,0,0,0,0,0,0,0,0,0,33860
LA,CIS of the Gulf South,Re- Engagement Center,Not Reporting,644599,000000000000,,No,Other,Community-Based Site,,,0,,,0,0,0,0,0,0,0,0,0,0,0,0,0,0,0,0,0,0,0,0,0,0,0,0,0,0,0,0,0,0,0,0,0,0,0,0,0,0,0,0,0,0,0,0,0,0,,0,0,0,0,0,0,0,0,0,0,0,0,0,0,0,0,0,0,0,0,0,0,0,0,0,0,0,0,0,0,0,0,0,0,0,0,0,0,0,0,0,0,0,0,0,0,0,0,0,0,0,0,0,0,0,0,0,0,0,0,0,0,0,0,0,0,0,0,0,0,0,0,,0,0,0,0,0,0,0,0,0,0,0,0,0,0,0,0,0,0,0,0,0,0,0,0,0,0,0,0,0,0,0,0,0,0,0,0,0,0,0,0,0,0,0,0,0,0,0,0,0,0,0,33860
LA,CIS of the Gulf South,ReNEW Accelerated High School,Not Reporting,38024,000000000000,,Yes,Public Charter,High,,,0,,,0,0,0,0,0,0,0,0,0,0,0,0,0,0,0,0,0,0,0,0,0,0,0,0,0,0,0,0,0,0,0,0,0,0,0,0,0,0,0,0,0,0,0,0,0,0,,0,0,0,0,0,0,0,0,0,0,0,0,0,0,0,0,0,0,0,0,0,0,0,0,0,0,0,0,0,0,0,0,0,0,0,0,0,0,0,0,0,0,0,0,0,0,0,0,0,0,0,0,0,0,0,0,0,0,0,0,0,0,0,0,0,0,0,0,0,0,0,0,,0,0,0,0,0,0,0,0,0,0,0,0,0,0,0,0,0,0,0,0,0,0,0,0,0,0,0,0,0,0,0,0,0,0,0,0,0,0,0,0,0,0,0,0,0,0,0,0,0,0,0,33860
LA,CIS of the Gulf South,ReNew Early Childhood Center,Not Reporting,38026,000000000000,,No,Public Charter,Elementary,,,0,,,0,0,0,0,0,0,0,0,0,0,0,0,0,0,0,0,0,0,0,0,0,0,0,0,0,0,0,0,0,0,0,0,0,0,0,0,0,0,0,0,0,0,0,0,0,0,,0,0,0,0,0,0,0,0,0,0,0,0,0,0,0,0,0,0,0,0,0,0,0,0,0,0,0,0,0,0,0,0,0,0,0,0,0,0,0,0,0,0,0,0,0,0,0,0,0,0,0,0,0,0,0,0,0,0,0,0,0,0,0,0,0,0,0,0,0,0,0,0,Other (SEL),0,0,0,0,0,0,0,0,0,0,0,0,0,0,0,0,0,0,0,0,0,0,0,0,0,0,0,0,0,0,0,0,0,0,0,0,0,0,0,0,0,0,0,0,0,0,0,0,0,0,0,33860
LA,CIS of the Gulf South,Renew Moton Lakefront,Not Reporting,794660,000000000000,,No,Public Charter,Elementary,,,0,,,0,0,0,0,0,0,0,0,0,0,0,0,0,0,0,0,0,0,0,0,0,0,0,0,0,0,0,0,0,0,0,0,0,0,0,0,0,0,0,0,0,0,0,0,0,0,,0,0,0,0,0,0,0,0,0,0,0,0,0,0,0,0,0,0,0,0,0,0,0,0,0,0,0,0,0,0,0,0,0,0,0,0,0,0,0,0,0,0,0,0,0,0,0,0,0,0,0,0,0,0,0,0,0,0,0,0,0,0,0,0,0,0,0,0,0,0,0,0,,0,0,0,0,0,0,0,0,0,0,0,0,0,0,0,0,0,0,0,0,0,0,0,0,0,0,0,0,0,0,0,0,0,0,0,0,0,0,0,0,0,0,0,0,0,0,0,0,0,0,0,33860
LA,CIS of the Gulf South,ReNEW Schaumburg Academy,Not Reporting,38027,000000000000,,No,Public Charter,Combined (any other K-12 combination),,,0,,,0,0,0,0,0,0,0,0,0,0,0,0,0,0,0,0,0,0,0,0,0,0,0,0,0,0,0,0,0,0,0,0,0,0,0,0,0,0,0,0,0,0,0,0,0,0,,0,0,0,0,0,0,0,0,0,0,0,0,0,0,0,0,0,0,0,0,0,0,0,0,0,0,0,0,0,0,0,0,0,0,0,0,0,0,0,0,0,0,0,0,0,0,0,0,0,0,0,0,0,0,0,0,0,0,0,0,0,0,0,0,0,0,0,0,0,0,0,0,,0,0,0,0,0,0,0,0,0,0,0,0,0,0,0,0,0,0,0,0,0,0,0,0,0,0,0,0,0,0,0,0,0,0,0,0,0,0,0,0,0,0,0,0,0,0,0,0,0,0,0,33860
LA,CIS of the Gulf South,Samuel J Green Charter School,2018/2019 SY,242049,220025900897,CIS Model,No,Public Charter,Combined (any other K-12 combination),Full Time,150,0,500,200,104,146,346,0,0,0,64,3,0,2,1,0,0,0,0,63,3,7,2,1,0,0,0,0,0,0,0,0,0,0,0,0,0,0,0,0,0,0,0,146,2,0,0,25,1,28,,133,11,2,146,1,139,6,146,3,132,11,146,19,125,2,146,41,38,67,146,8,133,5,146,2,137,7,146,9,133,4,146,19,87,40,146,2,109,35,146,1,142,3,146,0,141,5,146,25,118,3,146,1,143,2,146,144,70,25,49,145,131,3,11,143,65,15,63,1,0,0,0,"Behavior Engagement, Emotional Engagement, Other (SEL), Self Control (SEAD), Self-Perception (SEAD), Social Awareness (SEAD), Social Engagement",0,0,0,0,0,0,0,0,0,0,0,0,138,0,1,0,6,0,1,0,0,0,0,146,0,0,0,0,0,0,0,0,0,0,0,0,0,0,146,0,0,0,0,0,0,0,0,0,0,0,0,33860
LA,CIS of the Gulf South,Sarah T Reed,Not Reporting,794241,000000000000,,No,Public Charter,High,,,0,,,0,0,0,0,0,0,0,0,0,0,0,0,0,0,0,0,0,0,0,0,0,0,0,0,0,0,0,0,0,0,0,0,0,0,0,0,0,0,0,0,0,0,0,0,0,0,,0,0,0,0,0,0,0,0,0,0,0,0,0,0,0,0,0,0,0,0,0,0,0,0,0,0,0,0,0,0,0,0,0,0,0,0,0,0,0,0,0,0,0,0,0,0,0,0,0,0,0,0,0,0,0,0,0,0,0,0,0,0,0,0,0,0,0,0,0,0,0,0,,0,0,0,0,0,0,0,0,0,0,0,0,0,0,0,0,0,0,0,0,0,0,0,0,0,0,0,0,0,0,0,0,0,0,0,0,0,0,0,0,0,0,0,0,0,0,0,0,0,0,0,33860
LA,CIS of the Gulf South,St. Charles Elementary,Not Reporting,447885,220072001924,,No,Public School,Combined (any other K-12 combination),,,0,,,0,0,0,0,0,0,0,0,0,0,0,0,0,0,0,0,0,0,0,0,0,0,0,0,0,0,0,0,0,0,0,0,0,0,0,0,0,0,0,0,0,0,0,0,0,0,,0,0,0,0,0,0,0,0,0,0,0,0,0,0,0,0,0,0,0,0,0,0,0,0,0,0,0,0,0,0,0,0,0,0,0,0,0,0,0,0,0,0,0,0,0,0,0,0,0,0,0,0,0,0,0,0,0,0,0,0,0,0,0,0,0,0,0,0,0,0,0,0,,0,0,0,0,0,0,0,0,0,0,0,0,0,0,0,0,0,0,0,0,0,0,0,0,0,0,0,0,0,0,0,0,0,0,0,0,0,0,0,0,0,0,0,0,0,0,0,0,0,0,0,33860
LA,CIS of the Gulf South,Success Prep,2018/2019 SY,38301,220018702283,CIS Model,No,Public Charter,Combined (any other K-12 combination),Full Time,30,0,434,300,35,59,359,0,0,0,26,1,1,0,0,0,0,0,0,28,1,2,0,0,0,0,0,0,0,0,0,0,0,0,0,0,0,0,0,0,0,0,0,59,2,0,0,2,1,5,,58,0,1,59,6,53,0,59,1,58,0,59,2,57,0,59,50,8,1,59,4,55,0,59,0,57,2,59,8,50,1,59,14,44,1,59,0,59,0,59,9,49,1,59,0,59,0,59,11,48,0,59,3,55,1,59,59,32,17,10,59,52,2,5,59,40,18,1,0,0,0,0,"Academic Mindset (SEAD construct), Other (SEL), Overall SEAD assessment score, Self Control (SEAD), Social Awareness (SEAD)",0,0,0,0,0,0,0,0,0,0,0,0,51,0,3,0,5,0,0,0,0,0,0,59,0,0,0,0,0,0,0,0,0,0,0,0,0,0,59,0,0,0,0,0,0,0,0,0,0,0,0,33860
LA,CIS of the Gulf South,Sugarland Elementary School,Not Reporting,329928,220072001926,,No,Public School,Combined (any other K-12 combination),,,0,,,0,0,0,0,0,0,0,0,0,0,0,0,0,0,0,0,0,0,0,0,0,0,0,0,0,0,0,0,0,0,0,0,0,0,0,0,0,0,0,0,0,0,0,0,0,0,,0,0,0,0,0,0,0,0,0,0,0,0,0,0,0,0,0,0,0,0,0,0,0,0,0,0,0,0,0,0,0,0,0,0,0,0,0,0,0,0,0,0,0,0,0,0,0,0,0,0,0,0,0,0,0,0,0,0,0,0,0,0,0,0,0,0,0,0,0,0,0,0,,0,0,0,0,0,0,0,0,0,0,0,0,0,0,0,0,0,0,0,0,0,0,0,0,0,0,0,0,0,0,0,0,0,0,0,0,0,0,0,0,0,0,0,0,0,0,0,0,0,0,0,33860
LA,CIS of the Gulf South,The Bridge,Not Reporting,336115,000000000000,,Yes,Public Charter,Middle ,,,0,,,0,0,0,0,0,0,0,0,0,0,0,0,0,0,0,0,0,0,0,0,0,0,0,0,0,0,0,0,0,0,0,0,0,0,0,0,0,0,0,0,0,0,0,0,0,0,,0,0,0,0,0,0,0,0,0,0,0,0,0,0,0,0,0,0,0,0,0,0,0,0,0,0,0,0,0,0,0,0,0,0,0,0,0,0,0,0,0,0,0,0,0,0,0,0,0,0,0,0,0,0,0,0,0,0,0,0,0,0,0,0,0,0,0,0,0,0,0,0,,0,0,0,0,0,0,0,0,0,0,0,0,0,0,0,0,0,0,0,0,0,0,0,0,0,0,0,0,0,0,0,0,0,0,0,0,0,0,0,0,0,0,0,0,0,0,0,0,0,0,0,33860
LA,CIS of the Gulf South,The Living School,Not Reporting,329933,220031402466,,No,Public Charter,High,,,0,,,0,0,0,0,0,0,0,0,0,0,0,0,0,0,0,0,0,0,0,0,0,0,0,0,0,0,0,0,0,0,0,0,0,0,0,0,0,0,0,0,0,0,0,0,0,0,,0,0,0,0,0,0,0,0,0,0,0,0,0,0,0,0,0,0,0,0,0,0,0,0,0,0,0,0,0,0,0,0,0,0,0,0,0,0,0,0,0,0,0,0,0,0,0,0,0,0,0,0,0,0,0,0,0,0,0,0,0,0,0,0,0,0,0,0,0,0,0,0,Overall SEAD assessment score,0,0,0,0,0,0,0,0,0,0,0,0,0,0,0,0,0,0,0,0,0,0,0,0,0,0,0,0,0,0,0,0,0,0,0,0,0,0,0,0,0,0,0,0,0,0,0,0,0,0,0,33860
LA,CIS of the Gulf South,The Net Charter High School,2018/2019 SY,38362,220018802340,CIS Model,Yes,Public Charter,High,,20,0,140,67,19,54,121,0,0,0,22,1,1,0,0,0,0,0,0,26,0,4,0,0,0,0,0,0,0,0,0,0,0,0,0,0,0,0,0,0,0,0,0,54,0,0,0,0,0,0,,49,3,2,54,11,40,3,54,1,51,2,54,0,52,2,54,49,3,2,54,2,49,3,54,4,45,5,54,5,47,2,54,9,33,12,54,3,43,8,54,35,16,3,54,2,50,2,54,20,31,3,54,15,37,2,54,53,26,10,17,53,47,3,3,53,31,10,11,0,0,0,0,,0,0,0,0,0,0,0,0,0,0,0,0,21,0,8,2,3,1,0,1,0,1,0,37,14,0,1,0,0,0,0,0,2,0,17,0,0,0,54,6,6,2,0,4,8,0,0,1,0,0,15,33860
LA,CIS of the Gulf South,The NET Charter High School- East,Not Reporting,447886,220032402498,,Yes,Public Charter,Combined (any other K-12 combination),,,0,,,0,0,0,0,0,0,0,0,0,0,0,0,0,0,0,0,0,0,0,0,0,0,0,0,0,0,0,0,0,0,0,0,0,0,0,0,0,0,0,0,0,0,0,0,0,0,,0,0,0,0,0,0,0,0,0,0,0,0,0,0,0,0,0,0,0,0,0,0,0,0,0,0,0,0,0,0,0,0,0,0,0,0,0,0,0,0,0,0,0,0,0,0,0,0,0,0,0,0,0,0,0,0,0,0,0,0,0,0,0,0,0,0,0,0,0,0,0,0,"Behavior Engagement, Emotional Engagement, Global Engagement (Engagement Survey), Self Control (SEAD), Social Engagement",0,0,0,0,0,0,0,0,0,0,0,0,0,0,0,0,0,0,0,0,0,0,0,0,0,0,0,0,0,0,0,0,0,0,0,0,0,0,0,0,0,0,0,0,0,0,0,0,0,0,0,33860
LA,CIS of the Gulf South,The Net Gentilly,Not Reporting,145398,220029302439,,Yes,Public Charter,High,,,0,,,0,0,0,0,0,0,0,0,0,0,0,0,0,0,0,0,0,0,0,0,0,0,0,0,0,0,0,0,0,0,0,0,0,0,0,0,0,0,0,0,0,0,0,0,0,0,,0,0,0,0,0,0,0,0,0,0,0,0,0,0,0,0,0,0,0,0,0,0,0,0,0,0,0,0,0,0,0,0,0,0,0,0,0,0,0,0,0,0,0,0,0,0,0,0,0,0,0,0,0,0,0,0,0,0,0,0,0,0,0,0,0,0,0,0,0,0,0,0,Overall SEAD assessment score,0,0,0,0,0,0,0,0,0,0,0,0,0,0,0,0,0,0,0,0,0,0,0,0,0,0,0,0,0,0,0,0,0,0,0,0,0,0,0,0,0,0,0,0,0,0,0,0,0,0,0,33860
LA,CIS of the Gulf South,V.B. Glenco,Not Reporting,634068,220003201375,,No,Public Charter,Combined (any other K-12 combination),,,0,,,0,0,0,0,0,0,0,0,0,0,0,0,0,0,0,0,0,0,0,0,0,0,0,0,0,0,0,0,0,0,0,0,0,0,0,0,0,0,0,0,0,0,0,0,0,0,,0,0,0,0,0,0,0,0,0,0,0,0,0,0,0,0,0,0,0,0,0,0,0,0,0,0,0,0,0,0,0,0,0,0,0,0,0,0,0,0,0,0,0,0,0,0,0,0,0,0,0,0,0,0,0,0,0,0,0,0,0,0,0,0,0,0,0,0,0,0,0,0,,0,0,0,0,0,0,0,0,0,0,0,0,0,0,0,0,0,0,0,0,0,0,0,0,0,0,0,0,0,0,0,0,0,0,0,0,0,0,0,0,0,0,0,0,0,0,0,0,0,0,0,33860
LA,CIS of the Gulf South,Westgate High School,Not Reporting,329930,220072000525,,No,Public School,High,,,0,,,0,0,0,0,0,0,0,0,0,0,0,0,0,0,0,0,0,0,0,0,0,0,0,0,0,0,0,0,0,0,0,0,0,0,0,0,0,0,0,0,0,0,0,0,0,0,,0,0,0,0,0,0,0,0,0,0,0,0,0,0,0,0,0,0,0,0,0,0,0,0,0,0,0,0,0,0,0,0,0,0,0,0,0,0,0,0,0,0,0,0,0,0,0,0,0,0,0,0,0,0,0,0,0,0,0,0,0,0,0,0,0,0,0,0,0,0,0,0,"Academic Mindset (SEAD construct), Overall SEAD assessment score, Self Control (SEAD), Self-Perception (SEAD), Social Awareness (SEAD), Social Support (SEAD)",0,0,0,0,0,0,0,0,0,0,0,0,0,0,0,0,0,0,0,0,0,0,0,0,0,0,0,0,0,0,0,0,0,0,0,0,0,0,0,0,0,0,0,0,0,0,0,0,0,0,0,33860
LA,CIS of the Gulf South,Willow Charter Academy,Not Reporting,406259,220026302405,,No,Public Charter,Combined (any other K-12 combination),,,0,,,0,0,0,0,0,0,0,0,0,0,0,0,0,0,0,0,0,0,0,0,0,0,0,0,0,0,0,0,0,0,0,0,0,0,0,0,0,0,0,0,0,0,0,0,0,0,,0,0,0,0,0,0,0,0,0,0,0,0,0,0,0,0,0,0,0,0,0,0,0,0,0,0,0,0,0,0,0,0,0,0,0,0,0,0,0,0,0,0,0,0,0,0,0,0,0,0,0,0,0,0,0,0,0,0,0,0,0,0,0,0,0,0,0,0,0,0,0,0,"Emotional Engagement, Social Engagement",0,0,0,0,0,0,0,0,0,0,0,0,0,0,0,0,0,0,0,0,0,0,0,0,0,0,0,0,0,0,0,0,0,0,0,0,0,0,0,0,0,0,0,0,0,0,0,0,0,0,0,33860